[
  {
    "img": "https://www.windowscentral.com/sites/wpcentral.com/files/styles/large/public/field/image/2020/05/minecraft-dungeons-souls-banner.jpg",
    "title": "Minecraft Dungeons",
    "description": "Minecraft Dungeons is an unexpected, action RPG take on the Minecraft universe. Shifting the focus from peaceful crafting and building to dungeon crawling for powerful loot and stopping the evil Arch-Illager from conquering the world.While Minecraft Dungeons takes inspiration from popular dungeon crawlers like Diablo, it manages to stand on its own merits with great presentation, polished combat, and a character development system that will keep you and your kids busy for hours.",
    "rating": 3
  },
  {
    "img": "https://www.windowscentral.com/sites/wpcentral.com/files/styles/large/public/field/image/2019/11/minecraft-village-image-01.jpg",
    "title": "Minecraft",
    "description": "Who would've thought this humble, charming game about building blocks by Mojang Games would become one of the biggest video game franchises on the planet? Minecraft is a 3D survival game where you can do whatever you want, thanks to this game's procedurally generated maps.You can craft weapons and armor to fight your way through the Nether and slay the Nether Dragon in survival mode. Or you can kick back and relax in passive creative mode to build whatever your mind can conjure up. Towns, castles, mountains, monuments, you name it, you can create it. The sky is the literal limit.",
    "rating": 5
  },
  {
    "img": "https://www.windowscentral.com/sites/wpcentral.com/files/styles/large/public/field/image/2020/02/kingdom-hearts-3-sora-goofy-donald.jpg",
    "title": "Kingdom Hearts III",
    "description": "The Kingdom Hearts series is a wild and epic crossover that combines the worlds of Square Enix's Final Fantasy series with that Disney's most popular movie franchises. These games have you assume the role of Sora, a young boy that has been gifted with a magical weapon called the Keyblade. With this weapon and aid from Donald and Goofy, Sora travels to each of the Disney Worlds and defends them from the wrath of evil creatures known as the Heartless.Kingdom Hearts 3 is the epic conclusion to a storyline that has been in the making for over a decade across the entire franchise. The staple hack-and-slash gameplay has been refined and improved to extraordinary levels — allowing players to pull off attacks that are a grand spectacle to behold. And the game is complemented with an extensive roster of Heartless monsters and classic Disney villains.",
    "rating": 3
  },
  {
    "img": "https://www.windowscentral.com/sites/wpcentral.com/files/styles/large/public/field/image/2018/11/spyro-reignited-trilogy_003.jpg",
    "title": "Spyro Reignited Trilogy",
    "description": "Spyro the Dragon was a series of 3D platformers that debuted back on the original PlayStation. They were fun adventures filled with memorable characters, brain-teasing puzzles, and vibrant, magical locales that were a delight to explore.Many years later, a new generation would get to experience Spyro's adventures with a fresh new coat of scales in the Spyro Reignited Trilogy. This collection contains the original PlayStation trilogy of Spyro games: Spyro the Dragon, Spyro 2: Ripto's Rage, and Spyro 3: Year of the Dragon. But all three games have now received visual HD upgrades, re-recorded voicework, and a redone soundtrack.",
    "rating": 4
  },
  {
    "img": "https://www.windowscentral.com/sites/wpcentral.com/files/styles/large/public/field/image/2017/08/Sonic-Mania-Xbox-One-screenshot-helicopter-boss-main_0.jpg",
    "title": "Sonic Mania Plus",
    "description": "There was a time when the Sonic the Hedgehog franchise was the hottest series of platformers on the market. The original trilogy of SEGA Genesis Sonic games was so polished and well received that they rivaled the Super Mario Brothers during the height of the '90s console wars between Nintendo and SEGA. But ever since the Sonic series made the transition to 3D, the quality and focus of the games have radically fluctuated with each new entry.Fans of the older games had wanted a return to 2D for the blue speed demon because they believe that's when Sonic was at his best. They would get their wish with Sonic Mania, a Sonic the Hedgehog game that feels like a long-lost sequel to the classic SEGA Genesis Sonic games.",
    "rating": 3
  },
  {
    "img": "https://www.windowscentral.com/sites/wpcentral.com/files/styles/large/public/field/image/2021/07/new-super-luckys-tale-01.jpg",
    "title": "New Super Lucky's Tale",
    "description": "New Super Lucky's Tale is an indie platformer that follows the adventures of Lucky Swiftail. He is an optimistic fox on a journey to help his sister Lyra retrieve the Book of Ages from the evil cat wizard, Jinx. If Jinx isn't stopped, he will use the power of the Book of Ages to reshape the world to his liking.",
    "rating": 5
  },
  {
    "img": "https://www.windowscentral.com/sites/wpcentral.com/files/styles/large/public/field/image/2021/07/slime-rancher-01.jpg",
    "title": "Slime Rancher",
    "description": "Ever wanted to raise a farm of adorable slimes? Have your kids try out the light-hearted, sci-fi farming simulator, Slime Rancher. In this game, you play as Beatrix LeBeau, a young rancher who ventures off into space to start her own farm on the 'Far, Far Range.' With her trusty vacpac, you will help Beatrix explore wild, untamed lands and gather resources to build your ranch where you will raise your slimes.",
    "rating": 4
  },
  {
    "img": "https://www.windowscentral.com/sites/wpcentral.com/files/styles/large/public/field/image/2018/06/unravel-two-4.jpg",
    "title": "Unravel Two",
    "description": "Unravel Two is a whimsical and heart-warming platformer where you play as living creatures made of string called Yarnys. On this adventure, you have been separated from your owner after a terrible storm. With the help of another Yarny, you two will work together to solve puzzles and traverse precarious obstacles to find your way back home.While this game has a strong singleplayer campaign, Unravel Two is best experienced playing with your kid in its split-screen co-op mode. In this mode, you and your child can experience the engaging gameplay and a stunning presentation of this larger-than-life world together.",
    "rating": 4
  },
  {
    "img": "https://www.windowscentral.com/sites/wpcentral.com/files/styles/large/public/field/image/2021/12/roblox-01.jpg",
    "title": "Roblox",
    "description": "Roblox is a creative platform developed and published by the Roblox Corporation that allows gamers to craft their own video games. Create your personal avatar and set yourself loose in a giant virtual playground filled with millions of players around the world to hang out and play with.What kind of games can you create in Roblox? Anything your mind can come up with. Such fine examples include Jailbreak, an action game where you can either play as criminals escaping prison or police officers trying to arrest the escapees. There's also Theme Park Tycoon 2, a theme park building simulator where you can construct your own amusement park for your friends to have fun in. And there's Adopt Me, a social roleplay game where you build a house, raise adorable pets, or go camping and partying with your pals.",
    "rating": 3
  },
  {
    "img": "https://culturedvultures.com/wp-content/uploads/2019/03/supermarket-shriek.jpg",
    "title": "Supermarket Shriek",
    "description": "Most of the time in gaming, you look to play something refined, maybe even sophisticated, but sometimes you just want something that’s a little bit daft. Supermarket Shriek is that kind of game, as you control a man and a goat, stuck inside a shopping trolley using their voice to propel themselves through a series of intricate levels.While Supermarket Shriek can be enjoyed perfectly fine as a lone player, the game comes into its own as a co-op title, as two players can utilise the simple control scheme to escort our heroes to the finish line. With an 8-player party mode to boot, along with plenty of secret levels parodying other video games, Supermarket Shriek is a hell of time.",
    "rating": 3
  },
  {
    "img": "https://culturedvultures.com/wp-content/uploads/2019/03/Infinite-Minigolf.jpg",
    "title": "Infinite Minigolf",
    "description": "Minigolf is a brilliant family activity, particularly if you’re on holiday I’ve found. There’s plenty of childhood memories of my Dad flexing on me and Mum during a trip around the course. Yeah, we get it Dad, you played actual golf. Infinite Minigolf is the closest you can come to replicating those memories without shelling out for a family holiday to Gran Canaria.On the surface, Infinite Minigolf appears to be just a run of the mill minigolf title, but the “Infinite” in its name isn’t just there for show. Players can create their own holes with a range of obstacles and hazards to navigate before sharing them online for others to player, allowing for potentially limitless replayability.",
    "rating": 3
  },
  {
    "img": "https://culturedvultures.com/wp-content/uploads/2014/03/ZooTycoon_20130814_0007.png",
    "title": "Zoo Tycoon",
    "description": "You might have noticed a certain theme that some children’s video games allow your children to experience things that might be logistically impractical for some. Not everyone lives near a minigolf course, not everyone can afford a trip to Disneyland, and not everyone can do a Matt Damon and say “We Bought A Zoo”. But you can build one in Zoo Tycoon.While the more dense managerial aspects of the game might fly over the heads of most kids, Zoo Tycoon allows players to learn and interact with a wide range of wild animals, and the freeform mode lets kids build the zoo of their dreams with no consequence. There’s even Kinect functionality, which you may as well make the most of considering you dug it out for those Disney games.",
    "rating": 3
  }
]
